c72195f2-9051-7e51-39c6-5161019f8100,Alam Brandy
b4ebe41a-6fbc-bcf1-acae-51610122fe66,Alder Kevin
e6d60f44-893f-d9f2-b16d-5161017f263a,Aldrich Carlos
6520f8a1-1d3f-6dbe-f2aa-516101e906d8,Applebaum Nola
4aaeec8c-0ae0-8cce-8cba-51610162b246,Arant Rosario
52db702f-72ae-ff5c-b02d-516101629daa,Archie Hallie
9f9d94a3-0266-da61-cd97-5161015ca313,Arnett Glen
9a0e59f1-56b3-ff03-cb9f-5161016524d5,Baggett Alton
a6d0051d-bbd4-a198-5407-516101425ea6,Beiler Lakisha
e17d44c6-62b6-491e-3fe2-51610112b25e,Benner Erin
5cdfb4b4-5bf5-55d0-6e13-516101983c9b,Bieber Bobbie
f07169ff-cf9e-bbeb-e341-516101accb3f,Bing Alonzo
449f15a6-d6eb-3f71-e264-516101dbf7e1,Biron Lara
dd9c06a9-8df1-23e6-7214-5161019bd9fc,Bitting Lyle
a1f6f881-8371-8468-0dc3-516101cc1853,Bobo Karl
62b15a76-3437-68bc-b02b-516101565659,Boman Barbra
a4e646ab-6631-d65b-4350-5161015a68e8,Bouchard Milan
93f9a5f5-b34c-4857-e37d-516101acb69e,Bourquin Goldie
8efb420c-8c9d-a0e0-ad1b-516101322960,Bracero Zelda
acd6f5d1-411d-c6e0-aed7-516101d866b4,Bradway Alissa
15330e8c-2847-ad70-8e3b-51610111fbe6,Bremer Raul
191a9d90-8f9c-5e52-cb71-5161013847a5,Brookins Herb
3a8571db-cf42-d021-12b5-516101639f73,Brummett Alphonso
ed95bc09-504e-9388-f7d2-516101ac3204,Carlile Fernando
b6b9efaa-0cb5-033d-9bcd-5161019abfd4,Carper Ruben
f1b5def7-fffa-43ad-e321-516101ed868e,Casias Lucia
9e9e8267-e848-ce51-7b5d-516101e6bb74,Castellanos Hubert
af02cd86-8c21-8c51-943d-516101d85c6e,Cauley Mitzi
c23f0bcd-0c62-8a69-3915-516101d7caed,Chalmers Marco
34987a71-2a8b-7d7b-579f-516101a219f5,Clayborne Lamar
e40b1a85-b491-4f70-8cd3-5161012ffe4c,Coello Ralph
83453c7e-cb32-fdac-7380-516101016311,Cogdell Jeffrey
72954b3b-5fc5-b841-f5c7-51610107a339,Cranor Lara
82972b44-b543-e9ef-560f-516101ab6460,Creighton Mai
a749decb-9979-0c5a-fea5-5161011503b0,Cullins Regina
6c9a0c8d-4df0-62a1-6074-516101a6a388,Custis Gayla
5b174a57-8440-ccfd-5e26-516101634b3e,Dall Leanne
7e79e80c-0cff-dc0a-9263-516101dd3ba6,Debnam Clint
37e68e2f-7fe7-8086-854f-5161016506a0,Dechant Alyce
884a08ab-3505-0fac-9631-516101ab8ffb,Dedmon Alvaro
1c75c029-502b-dbab-873d-51610164f247,Desoto Pam
49f106c8-7c88-38e4-927d-5161016c769d,Desoto Estela
e954c675-2018-0a3e-32f1-516101622f60,Diggs Peter
762c01dd-3494-7766-b70e-5161014cbf7f,Dimatteo Desmond
2565920d-de9b-1b88-cd61-516101456583,Dingle Marlon
41dfa12a-e869-b13a-a6aa-516101917d7b,Dionisio Sal
d1d6afe9-4a14-ef01-8181-516101936318,Donmoyer Lauren
3e171ee9-0d23-e919-1083-516101b684fa,Downes Danny
d4f4ae4d-cede-704d-58fa-5161015f7c77,Drye Emory
de8ecf09-b35c-3df0-356e-516101501c17,Duke Susana
8bbcc1e3-b16c-f632-067d-516101a63fc0,Eells Nolan
bd02e550-0965-6505-24e9-516101791699,Eichler Casandra
e7d0f70c-5310-99dd-f8f5-516101d24c07,Embry Jacinto
104a90a4-f156-afbc-1a08-5161016584e0,Erikson Burl
3b8cd063-d602-0770-3968-516101c962af,Estelle Tobias
6dfb27d8-1fbd-aebf-1251-5161012f906e,Finklea Kelly
54cd9ebd-3138-8e52-aac4-5161012555af,Finney Connie
9e9ca071-1642-b25d-3d80-5161015f03c1,Flannery Annette
ea8353db-a626-fb75-58e2-51610124f0af,Fontes Donovan
86cf0055-4e4f-30ac-c56a-516101a19c4b,Foshee Pat
c92912fd-262d-aae4-2601-516101ae98fe,Fouche Francesca
33510dfb-2863-b357-12a7-516101327ad1,Freeborn Terri
cdae0f61-2f3d-596d-5238-516101892b4c,Freedman Lesley
e643e7e7-4a0c-2081-4e59-5161012301a0,Frisk Latasha
11070b3d-1cc1-a35e-d1c6-516101b9a263,Giraldo Ray
af2677d0-c15b-fbc6-5f16-5161019c4347,Gorney Marlin
bf33a778-7038-3814-0756-516101a1ced4,Graziano Beulah
a6f19cb2-94d5-ef76-5473-516101593455,Grell Krystal
89a36a6e-4e25-e0df-6968-516101e664c7,Grillo Violet
ce544148-81e3-604c-bf7a-5161015fd9a2,Griswold Kelvin
6b244a2a-23d3-c10b-43f4-516101e9cb98,Grunewald Lynn
7aa07c45-41fa-6d72-d544-51610182e898,Grunewald Mollie
2dabd22a-8dce-345a-a662-516101b2855d,Guerriero Cliff
d62eddf9-6135-3966-98ab-516101c7b3e1,Guertin Daron
2ea51060-16f4-e1f9-d178-516101f896cd,Hagan Chris
26658a28-aeab-aa1c-4999-51610186f701,Harrison Roslyn
b954baa7-087a-1fa7-849f-5161014bf888,Heinrich Ashley
c7c3933b-2de8-2d84-ce92-516101d9c48a,Henderson Brendan
d1105bbd-1e56-67a7-a5dd-516101d66a95,Hendry Virgil
de20cdf6-93e2-1a5f-cc7e-51610127ba4e,Hockman Rey
7d9218a8-f221-c7b5-9469-5161010c2dad,Hoke Delbert
2724f064-aad2-afcc-79fd-516101e28ed8,Holiman Dion
42d626a5-d99d-7b9e-1f29-51610115f068,Holland Alva
9362866b-36d2-0412-0069-516101a51782,Humble Deirdre
8e2789b8-e226-3167-8ac2-51610112b07f,Jarmon Leo
ee84d352-3123-fc06-13ad-516101a7a3fa,Johannsen Patrick
2476a68a-4601-9fc0-0279-516101923f10,Jost Colette
6d380a48-0e3b-5001-eb07-5161018a4cc2,Kelsey Harry
97d4a2fa-052c-8226-41bf-516101d73300,Ketchum Jeromy
6c38a6dd-ea98-c4c0-f1ed-5161011180ab,Kight Christine
63f1f1fe-6606-eeab-248b-5165fa397b3e,Kiker Yolanda
9c2e7754-1f05-6d99-978d-516101b32e0a,Kimbell Lori
72bf76d4-4378-0df8-edba-5161016a04b1,Kindel Weston
15f5df8d-cc95-3b55-809f-516101a5bf21,Kintzel Dayna
cf92d6b9-f5c0-aa4a-e015-516101627140,Kleist Albert
f2b08805-f190-375b-6c29-5161019d212d,Knop Delmer
8db991c4-b59d-9150-e688-516101ccbd99,Kohlmeier Gloria
6392b3a2-ae8b-d514-950a-5161011e366b,Kopf Tim
1f76d9ae-f9d8-0b62-e196-51610139fd10,Kujawski Adam
b90feb60-5fa6-a61d-09d2-516101f635fc,Lafon Autumn
22fe9d7f-11ed-f73c-6ebf-5161018a80ca,Lai Lauren
b191a7eb-929e-addd-b508-516101ab3b7a,Lamberson Corrine
96682f67-c124-e7fd-f333-516101ad8b74,Lawless Frederick
7d6ac577-96fc-601a-8e07-51610167f008,Lawson Dino
af4b4f04-698a-f231-967b-5161010c7beb,Leavens Rachel
c6645a26-a6c6-aa16-3daa-5161015df5cb,Loughman Pansy
cac7218d-c2a5-1dbf-0272-51610162f0aa,Lovelady Grover
b73b96f6-754e-ac45-da02-516101487866,Lowell Lila
4c8d32ce-52b1-843f-6c33-5161017bf14e,Maniscalco Dona
12e9337d-4102-3319-8345-516101a02240,Marcy Yvonne
dbe3fc89-0967-422c-ef1c-516101c693cd,Maurice Hope
2a06e729-b07f-c6e4-19f5-5161012d0cba,Mayes Daisy
5d105633-4ed6-ebda-ae0c-516101afc3d5,Mccarter Wallace
72d11e0b-e636-75ed-7a74-516101e61c34,Mccrary Jorge
8ff83dde-a593-08f3-b44c-516101f00d33,Mcminn Rosalyn
40f19971-e9b7-e30c-2ddf-516101356c18,Mcqueary Marcella
368a97b7-1035-88d8-e746-516101ae60c7,Meaney Erin
ec44c68f-7d84-ec6a-19fb-5161010543ad,Meng Essie
8aca0fe5-0e5d-351f-41c3-51610147bbdf,Messina Tom
85d4815f-4ade-8c29-46c8-5161017da4a8,Michels Cleveland
1b0cb0bf-4143-5a5e-4835-51610142efa3,Modzelewski Sheryl
ce95861b-3b24-18ef-d085-5161015d24d4,Money Angelina
35d17533-e460-3d9b-8b22-51610147a474,Musselwhite Dario
145ab50d-6a44-49eb-1e9d-516101bc687a,Myer Amos
21a3efd0-6947-c257-7fee-5161015c6d5e,Nathanson Branden
bfd5fa83-2802-0f33-bfe0-516101b8f0dc,Natividad Stevie
8e400c53-d33d-adbf-99cd-51610107bd79,Neill Dorsey
c50fbe39-f9ec-2622-72f3-5161019bbb92,Nickle Cheri
468f98e8-b135-463c-c1c2-5161018d2b4e,Nimmo Sara
3e83876d-f402-da89-8a8f-51610143be9e,Ormsby Ina
2eab5658-fee6-0be5-8f40-516101f4b757,Pappalardo Lynnette
36ce07d2-ade4-3148-59a4-516101b21a89,Parrett Marsha
2c83bc06-c434-131d-779d-516101ffadb7,Peasley Alfred
1d460c62-7a54-21c2-ca9d-516101f34990,Perrault Jeffrey
c6fb5f11-514e-dad5-8a74-5161015afef5,Persons Linwood
7add6511-3348-a0fe-80ed-516101ecf9ab,Pichardo Winfred
b6efac49-a86f-d49c-1d86-51610191c2d3,Pisani Kara
5abf6efd-a22f-a663-7aae-51610111cd41,Planas Lynn
ef2fe3bf-b08d-0be9-0319-51610126ae29,Postma Wilfredo
962c4525-8dad-4206-10e3-516101b561b8,Pritchard Thurman
749e9f64-b6be-a02e-bae7-5161015cd6ab,Pua Allyson
1e55def0-e340-30db-8f3d-5161019bad27,Quarterman Vincenzo
a815d20f-ccb3-5c2c-72d8-516101f4fd5d,Quinney Renee
5180095c-d0bb-e812-fa1b-5161016b3436,Racine Orlando
537732a2-685f-b991-cd31-516101dcfe06,Ralph Scott
64df9db8-b974-bd16-132b-5161019eb173,Ralston Weldon
56d42b82-aee1-7398-d07b-516101b2a893,Raub Abdul
da156b85-a494-7a77-a4b9-516101f38497,Rauscher Emile
7a7793c5-7657-214b-2122-516101dc86b0,Rayburn Audrey
2ea0250c-0e36-3344-53bd-5161013cfcde,Reeser Guadalupe
9f9920ab-178b-88ef-2733-5161012e1bda,Reliford Kerry
dab80d35-24d2-8a6e-e7cc-516101d42878,Rhone Frankie
752054da-42d6-95f0-3973-516101d559e2,Roddy Glenna
dfc264b5-fb56-300b-af7d-516101a06ba0,Roland Marshall
b7a2d127-9417-86f5-28bd-516101885166,Rolfes Duncan
55398225-aed8-4432-ba1f-516101473047,Rueb Dewey
65a15c5c-d037-e790-6199-51610104d818,Salomon Granville
bf42afcf-c860-6cb2-409a-51610117251a,Savarese Martha
7d1c0a80-0987-bb06-3932-5161011f2f21,Schiffman Essie
aedce2fc-30b7-42b9-d13a-5161019619e0,Schiffman Cole
6a9451b0-eccf-d835-e5f3-5161011c2525,Scoggins Gregorio
640544b0-7f00-e236-10f7-516101f2a4f5,Sontag Joaquin
9ed4153b-e32a-b20e-7953-516101b619cb,Sorrells Stefan
5284833d-2ac5-ed51-1a78-51610162fcdf,Souza Brent
6aa86bb7-5990-cc7f-4c68-51610180d8d8,Spangler Marion
ad650384-2552-2acc-aed6-51610142beb9,Spaulding Sharon
6c1996ba-407c-6d5e-df5d-516101c14756,Spoon Rupert
e5ddd04c-37af-32b4-ab04-516101bff1f0,Sylvester Reuben
d66a01e3-71d8-79d2-3982-516101727bca,Takahashi Alana
82308c9d-6b78-b12f-d17b-516101dd2384,Tapscott Beatrice
109b73f5-66c8-5129-8f79-516101cee8d7,Tate Fritz
b0a37cc7-d8d8-4db5-2059-5161015dc123,Tello Sierra
be4c4b0b-0f4b-b3a2-b523-5161019382c7,Terhune Belinda
8b178428-9e2f-9b66-ff00-516101468c3d,Tews Mayra
5aec01fb-c6cf-8847-cb8f-51610144d06d,Thielen Antoine
d7b9d34c-41cd-027e-ba27-51610196945d,Thrall Ana
49b24493-c3a5-8aaf-ca57-516101beaa1d,Tiernan Ethan
5bc1337b-520a-7b90-c426-516101ef70db,Tingle Sherry
bff7ad20-0edd-6a86-2318-5161016e6069,Trusty Patrice
17e623a9-f14d-cd57-46f3-516101ec7f05,Tse Ethel
8587f04b-4cb9-761b-b8a2-5161011d1bc0,Urrutia Elva
974fdd38-dd58-e6cb-27a9-5161017201cb,Vacca Lucia
e2709446-d5d4-d9d3-be67-5161017fcc05,Vancleave Alphonse
4b28e86c-7bc9-9860-531f-51610138ee9d,Vaughan Vicente
5d89cd3e-4f0d-5ecb-dadb-516101e405eb,Veilleux Katheryn
3e79c1e0-ffc4-c429-a1ed-516101fa986b,Vigil Timmy
749b3b02-c611-d5ae-29d1-5161013409ce,Vivier Elwood
498fd106-a4be-aea4-819c-516101103a6c,Wachtel Marian
365bb800-3d63-f3b6-09b4-516101ba035c,Walter Mason
3238f3f7-c056-00d9-ad5c-5161011f153e,Wan Luke
3ca1e1d9-2e78-edef-051c-516101cfa41e,Welling Hugh
96782c85-bd19-28fe-3407-51610149d0c9,Whetstone Maude
4ed35d84-3ad4-56d4-1e8a-5161011e3ad1,Whitefield Jody
d96edcc6-e104-bd58-94c4-5161013cff7c,Wiggin Jason
a6e533ad-1ec6-4427-ba6f-5161011a8371,Witham Quincy
45cfc2bc-34b4-c4c7-8b2d-51610112e072,Wolfenbarger Oren
2cde01eb-648e-810d-9b2d-51610134d06c,Woodell Terry
c0590c7a-4634-eb3a-e5c8-5161011dcc11,Yamada Dianne
85e6ecad-130d-7fe1-e7af-516101248048,Yamamoto Alden
a9b5cf0d-e2e3-4c7a-2e50-516101fc07b3,Yuan Brianna
d3b92f8d-31a8-0ef7-f120-5161012ad595,Zamarripa Nelda
